Age,Sex,Job,Housing,Saving accounts,Checking account,Credit amount,Duration,Purpose,Risk
67,male,Skilled,own,no saving,little,1169,6,radio/television,Good Risk
22,female,Skilled,own,little,moderate,5951,48,radio/television,Bad Risk
49,male,unskilled - resident,own,little,no checking,2096,12,education,Good Risk
45,male,Skilled,free,little,little,7882,42,furniture/equipment,Good Risk
53,male,Skilled,free,little,little,4870,24,car (new),Bad Risk
35,male,unskilled - resident,free,no saving,no checking,9055,36,education,Good Risk
53,male,Skilled,own,moderate,no checking,2835,24,furniture/equipment,Good Risk
35,male,Highly Skilled,rent,little,moderate,6948,36,car (used),Good Risk
61,male,unskilled - resident,own,quite rich,no checking,3059,12,radio/television,Good Risk
28,male,Highly Skilled,own,little,moderate,5234,30,car (new),Bad Risk
25,female,Skilled,rent,little,moderate,1295,12,car (new),Bad Risk
24,female,Skilled,rent,little,little,4308,48,business,Bad Risk
22,female,Skilled,own,little,moderate,1567,12,radio/television,Good Risk
60,male,unskilled - resident,own,little,little,1199,24,car (new),Bad Risk
28,female,Skilled,rent,little,little,1403,15,car (new),Good Risk
32,female,unskilled - resident,own,rich,little,1282,24,radio/television,Bad Risk
53,male,Skilled,own,no saving,no checking,2424,24,radio/television,Good Risk
25,male,Skilled,own,no saving,little,8072,30,business,Good Risk
44,female,Highly Skilled,free,little,moderate,12579,24,car (used),Bad Risk
31,male,Skilled,own,moderate,no checking,3430,24,radio/television,Good Risk
48,male,Skilled,own,little,no checking,2134,9,car (new),Good Risk
44,male,Skilled,rent,moderate,little,2647,6,radio/television,Good Risk
48,male,unskilled - resident,rent,little,little,2241,10,car (new),Good Risk
44,male,Skilled,own,rich,moderate,1804,12,car (used),Good Risk
26,male,Skilled,own,no saving,no checking,2069,10,furniture/equipment,Good Risk
36,male,unskilled - resident,own,little,little,1374,6,furniture/equipment,Good Risk
39,male,unskilled - resident,own,little,no checking,426,6,radio/television,Good Risk
42,female,Skilled,rent,quite rich,rich,409,12,radio/television,Good Risk
34,male,Skilled,own,little,moderate,2415,7,radio/television,Good Risk
63,male,Skilled,own,little,little,6836,60,business,Bad Risk
36,male,Skilled,own,quite rich,moderate,1913,18,business,Good Risk
27,male,Skilled,own,little,little,4020,24,furniture/equipment,Good Risk
30,male,Skilled,own,rich,moderate,5866,18,car (new),Good Risk
57,male,unskilled - resident,rent,no saving,no checking,1264,12,business,Good Risk
33,female,Highly Skilled,own,little,rich,1474,12,furniture/equipment,Good Risk
25,male,unskilled - resident,own,little,moderate,4746,45,radio/television,Bad Risk
31,male,Skilled,free,little,no checking,6110,48,education,Good Risk
37,male,Skilled,own,little,rich,2100,18,radio/television,Bad Risk
37,male,Skilled,own,little,rich,1225,10,domestic appliances,Good Risk
24,male,Skilled,own,little,moderate,458,9,radio/television,Good Risk
30,male,Highly Skilled,own,moderate,no checking,2333,30,radio/television,Good Risk
26,male,Skilled,own,moderate,moderate,1158,12,radio/television,Good Risk
44,male,unskilled - resident,own,little,moderate,6204,18,repairs,Good Risk
24,male,Skilled,rent,rich,little,6187,30,car (used),Good Risk
58,female,unskilled - resident,free,little,little,6143,48,car (used),Bad Risk
35,female,Highly Skilled,own,little,no checking,1393,11,car (new),Good Risk
39,male,Skilled,own,moderate,no checking,2299,36,radio/television,Good Risk
23,female,Unskilled and non-resident,rent,moderate,little,1352,6,car (used),Good Risk
39,male,unskilled - resident,own,little,no checking,7228,11,car (new),Good Risk
28,female,Skilled,own,rich,no checking,2073,12,radio/television,Good Risk
29,male,unskilled - resident,own,no saving,moderate,2333,24,furniture/equipment,Good Risk
30,male,Highly Skilled,own,little,moderate,5965,27,car (used),Good Risk
25,male,Skilled,own,little,no checking,1262,12,radio/television,Good Risk
31,male,Skilled,own,no saving,no checking,3378,18,car (used),Good Risk
57,male,Skilled,free,little,moderate,2225,36,car (new),Bad Risk
26,male,unskilled - resident,own,no saving,no checking,783,6,car (new),Good Risk
52,male,Highly Skilled,own,no saving,moderate,6468,12,radio/television,Bad Risk
31,female,Skilled,own,little,no checking,9566,36,radio/television,Good Risk
23,female,Highly Skilled,own,little,rich,1961,18,car (new),Good Risk
23,female,unskilled - resident,rent,little,little,6229,36,furniture/equipment,Bad Risk
27,male,Skilled,own,little,moderate,1391,9,business,Good Risk
50,male,Skilled,own,no saving,moderate,1537,15,radio/television,Good Risk
61,male,Highly Skilled,free,little,moderate,1953,36,business,Bad Risk
25,male,Skilled,own,little,moderate,14421,48,business,Bad Risk
26,female,Skilled,own,little,no checking,3181,24,radio/television,Good Risk
48,male,Skilled,own,no saving,no checking,5190,27,repairs,Good Risk
29,female,Skilled,own,little,no checking,2171,12,radio/television,Good Risk
22,male,Skilled,own,quite rich,moderate,1007,12,car (new),Good Risk
37,male,Skilled,free,little,no checking,1819,36,education,Bad Risk
25,female,Skilled,own,no saving,no checking,2394,36,radio/television,Good Risk
30,female,Skilled,own,little,no checking,8133,36,car (used),Good Risk
46,male,unskilled - resident,rent,no saving,no checking,730,7,radio/television,Good Risk
51,male,Highly Skilled,free,little,little,1164,8,others,Good Risk
41,female,unskilled - resident,own,little,moderate,5954,42,business,Good Risk
40,male,Highly Skilled,own,no saving,little,1977,36,education,Bad Risk
66,male,Highly Skilled,free,little,little,1526,12,car (used),Good Risk
34,male,Skilled,own,little,little,3965,42,radio/television,Bad Risk
51,male,Skilled,own,little,moderate,4771,11,radio/television,Good Risk
39,male,unskilled - resident,own,no saving,no checking,9436,54,car (used),Good Risk
22,male,Skilled,own,little,moderate,3832,30,furniture/equipment,Good Risk
44,female,Skilled,own,no saving,no checking,5943,24,radio/television,Bad Risk
47,male,Skilled,own,moderate,no checking,1213,15,radio/television,Good Risk
24,female,unskilled - resident,rent,rich,no checking,1568,18,business,Good Risk
58,female,unskilled - resident,own,little,little,1755,24,others,Good Risk
52,male,unskilled - resident,own,little,little,2315,10,radio/television,Good Risk
29,female,Highly Skilled,own,little,no checking,1412,12,business,Good Risk
27,female,Skilled,own,little,moderate,1295,18,furniture/equipment,Good Risk
47,male,Skilled,free,rich,moderate,12612,36,education,Bad Risk
30,male,Highly Skilled,own,rich,little,2249,18,car (new),Good Risk
28,male,Skilled,own,little,little,1108,12,repairs,Bad Risk
56,male,Skilled,own,little,no checking,618,12,radio/television,Good Risk
54,male,Skilled,own,little,little,1409,12,car (used),Good Risk
33,female,unskilled - resident,own,no saving,no checking,797,12,radio/television,Bad Risk
20,male,Skilled,rent,no saving,rich,3617,24,furniture/equipment,Good Risk
54,male,Skilled,own,quite rich,moderate,1318,12,car (new),Good Risk
58,male,Skilled,rent,little,moderate,15945,54,business,Bad Risk
61,female,Skilled,own,no saving,no checking,2012,12,education,Good Risk
34,male,Skilled,own,rich,moderate,2622,18,business,Good Risk
36,male,Skilled,own,little,moderate,2337,36,radio/television,Good Risk
36,male,Highly Skilled,rent,no saving,moderate,7057,20,car (used),Good Risk
41,male,unskilled - resident,rent,rich,no checking,1469,24,car (new),Good Risk
24,male,Skilled,rent,little,moderate,2323,36,radio/television,Good Risk
24,female,Skilled,own,little,no checking,932,6,radio/television,Good Risk
35,male,Skilled,rent,little,moderate,1919,9,furniture/equipment,Good Risk
26,male,Skilled,rent,no saving,no checking,2445,12,car (used),Good Risk
39,male,Highly Skilled,own,little,moderate,11938,24,others,Bad Risk
39,male,Highly Skilled,own,little,no checking,6458,18,car (new),Bad Risk
32,male,Skilled,own,little,moderate,6078,12,car (new),Good Risk
30,female,Skilled,own,no saving,little,7721,24,furniture/equipment,Good Risk
35,male,Skilled,own,moderate,moderate,1410,14,business,Good Risk
31,male,Skilled,own,rich,moderate,1449,6,business,Good Risk
23,female,Skilled,rent,little,rich,392,15,education,Good Risk
28,male,unskilled - resident,rent,little,moderate,6260,18,car (new),Good Risk
25,female,Skilled,own,little,no checking,7855,36,car (new),Bad Risk
35,male,Skilled,own,moderate,little,1680,12,radio/television,Good Risk
47,male,Skilled,own,no saving,no checking,3578,48,radio/television,Good Risk
30,female,Highly Skilled,own,no saving,little,7174,42,radio/television,Bad Risk
27,female,Skilled,rent,no saving,little,2132,10,furniture/equipment,Good Risk
23,female,Skilled,own,moderate,little,4281,33,furniture/equipment,Bad Risk
36,male,Highly Skilled,own,moderate,moderate,2366,12,car (new),Good Risk
25,female,Skilled,own,little,little,1835,21,radio/television,Bad Risk
41,female,Highly Skilled,rent,little,no checking,3868,24,car (used),Good Risk
24,male,unskilled - resident,rent,little,no checking,1768,12,furniture/equipment,Good Risk
63,male,Skilled,free,little,rich,781,10,car (new),Good Risk
27,female,Skilled,rent,no saving,moderate,1924,18,furniture/equipment,Bad Risk
30,male,Skilled,own,little,little,2121,12,car (new),Good Risk
40,male,unskilled - resident,own,little,little,701,12,radio/television,Good Risk
30,male,Skilled,own,little,moderate,639,12,repairs,Bad Risk
34,male,Highly Skilled,own,little,moderate,1860,12,car (used),Good Risk
29,female,Skilled,own,little,little,3499,12,car (new),Bad Risk
24,female,Skilled,own,no saving,moderate,8487,48,car (new),Good Risk
29,male,Skilled,own,little,little,6887,36,education,Bad Risk
27,male,unskilled - resident,own,little,no checking,2708,15,furniture/equipment,Good Risk
47,male,Skilled,free,little,no checking,1984,18,furniture/equipment,Good Risk
21,female,Skilled,own,rich,no checking,10144,60,radio/television,Good Risk
38,female,Skilled,own,no saving,no checking,1240,12,radio/television,Good Risk
27,male,Skilled,own,quite rich,no checking,8613,27,car (used),Good Risk
66,male,unskilled - resident,own,moderate,moderate,766,12,radio/television,Bad Risk
35,male,Skilled,own,no saving,moderate,2728,15,radio/television,Good Risk
44,female,unskilled - resident,rent,little,rich,1881,12,radio/television,Good Risk
27,male,Unskilled and non-resident,own,quite rich,rich,709,6,car (new),Good Risk
30,female,Highly Skilled,own,little,moderate,4795,36,radio/television,Good Risk
27,male,Highly Skilled,own,little,little,3416,27,radio/television,Good Risk
22,male,Skilled,own,little,little,2462,18,furniture/equipment,Bad Risk
23,female,Skilled,own,little,no checking,2288,21,furniture/equipment,Good Risk
30,male,Skilled,own,rich,moderate,3566,48,business,Good Risk
39,female,Skilled,own,little,little,860,6,car (new),Good Risk
51,female,Skilled,own,rich,no checking,682,12,car (new),Good Risk
28,male,Skilled,own,little,little,5371,36,furniture/equipment,Good Risk
46,male,Skilled,own,quite rich,no checking,1582,18,radio/television,Good Risk
42,male,Skilled,free,rich,no checking,1346,6,radio/television,Good Risk
38,male,Skilled,own,little,no checking,1924,10,radio/television,Good Risk
24,male,Skilled,own,little,rich,5848,36,radio/television,Good Risk
29,female,Skilled,rent,quite rich,moderate,7758,24,car (used),Good Risk
36,male,Highly Skilled,rent,rich,moderate,6967,24,business,Good Risk
20,female,Skilled,rent,little,little,1282,12,furniture/equipment,Bad Risk
48,male,Skilled,own,rich,little,1288,9,repairs,Good Risk
45,male,unskilled - resident,own,little,little,339,12,retraining,Good Risk
38,male,Skilled,own,rich,moderate,3512,24,car (new),Good Risk
34,male,unskilled - resident,own,no saving,no checking,1898,6,radio/television,Good Risk
36,male,Skilled,own,rich,no checking,2872,24,radio/television,Good Risk
30,female,Skilled,own,little,no checking,1055,18,car (new),Good Risk
36,male,Skilled,own,moderate,no checking,1262,15,domestic appliances,Good Risk
70,male,Highly Skilled,free,little,moderate,7308,10,car (new),Good Risk
36,male,Skilled,own,moderate,no checking,909,36,car (new),Good Risk
32,male,Skilled,own,moderate,no checking,2978,6,furniture/equipment,Good Risk
33,female,Skilled,own,little,little,1131,18,furniture/equipment,Bad Risk
20,female,Skilled,own,quite rich,moderate,1577,11,furniture/equipment,Good Risk
25,female,Skilled,rent,little,no checking,3972,24,furniture/equipment,Good Risk
31,male,Skilled,own,little,moderate,1935,24,business,Bad Risk
33,male,Skilled,rent,little,little,950,15,car (new),Bad Risk
26,female,Skilled,own,little,no checking,763,12,furniture/equipment,Good Risk
34,female,Highly Skilled,own,little,moderate,2064,24,furniture/equipment,Bad Risk
33,male,Skilled,own,little,moderate,1414,8,radio/television,Good Risk
26,male,Skilled,own,little,little,3414,21,education,Bad Risk
53,female,Highly Skilled,own,no saving,no checking,7485,30,car (used),Bad Risk
42,male,Skilled,own,little,little,2577,12,furniture/equipment,Good Risk
52,male,Skilled,own,moderate,little,338,6,radio/television,Good Risk
31,male,Highly Skilled,rent,little,no checking,1963,12,radio/television,Good Risk
65,male,Skilled,own,little,little,571,21,car (new),Good Risk
28,male,Skilled,own,little,no checking,9572,36,business,Bad Risk
30,male,Highly Skilled,own,little,moderate,4455,36,business,Bad Risk
40,male,unskilled - resident,own,no saving,little,1647,21,car (new),Bad Risk
50,male,Skilled,own,quite rich,no checking,3777,24,furniture/equipment,Good Risk
36,male,Skilled,own,little,moderate,884,18,car (new),Bad Risk
31,male,Skilled,own,little,no checking,1360,15,radio/television,Good Risk
74,female,Highly Skilled,free,little,moderate,5129,9,car (used),Bad Risk
68,male,Unskilled and non-resident,free,little,moderate,1175,16,car (new),Good Risk
20,male,Skilled,own,rich,little,674,12,radio/television,Bad Risk
33,female,Skilled,own,little,moderate,3244,18,furniture/equipment,Good Risk
54,male,Highly Skilled,own,quite rich,no checking,4591,24,business,Bad Risk
34,male,unskilled - resident,free,rich,moderate,3844,48,business,Bad Risk
36,male,Skilled,own,little,moderate,3915,27,business,Bad Risk
29,male,Skilled,rent,little,no checking,2108,6,radio/television,Good Risk
21,male,Skilled,rent,rich,moderate,3031,45,radio/television,Bad Risk
34,female,Highly Skilled,own,little,moderate,1501,9,education,Bad Risk
28,female,Skilled,own,little,no checking,1382,6,radio/television,Good Risk
27,female,Skilled,rent,rich,moderate,951,12,furniture/equipment,Bad Risk
36,male,Skilled,free,no saving,moderate,2760,24,car (used),Good Risk
40,male,Highly Skilled,own,little,moderate,4297,18,furniture/equipment,Bad Risk
52,male,Skilled,own,moderate,no checking,936,9,education,Good Risk
27,male,unskilled - resident,own,little,little,1168,12,car (new),Good Risk
26,male,Skilled,own,little,no checking,5117,27,business,Good Risk
21,male,Skilled,rent,little,little,902,12,retraining,Bad Risk
38,male,unskilled - resident,own,little,no checking,1495,12,car (new),Good Risk
38,male,Highly Skilled,free,little,little,10623,30,car (used),Good Risk
43,male,Skilled,own,little,no checking,1935,12,furniture/equipment,Good Risk
26,male,Skilled,own,little,moderate,1424,12,domestic appliances,Good Risk
21,male,unskilled - resident,own,little,little,6568,24,business,Good Risk
55,male,Skilled,own,quite rich,no checking,1413,12,car (used),Good Risk
33,male,Skilled,own,no saving,no checking,3074,9,radio/television,Good Risk
45,female,unskilled - resident,own,no saving,no checking,3835,36,radio/television,Good Risk
50,male,Skilled,own,little,little,5293,27,business,Bad Risk
66,male,Highly Skilled,own,little,rich,1908,30,business,Bad Risk
51,male,Skilled,own,no saving,no checking,3342,36,radio/television,Good Risk
39,female,unskilled - resident,own,no saving,moderate,932,6,retraining,Good Risk
31,male,Skilled,own,little,little,3104,18,business,Good Risk
23,male,Skilled,own,little,rich,3913,36,radio/television,Good Risk
24,male,unskilled - resident,rent,little,little,3021,24,furniture/equipment,Good Risk
64,female,Skilled,own,little,no checking,1364,10,car (new),Good Risk
26,male,unskilled - resident,own,little,moderate,625,12,radio/television,Good Risk
23,female,Skilled,rent,no saving,little,1200,12,education,Good Risk
30,male,Skilled,own,little,no checking,707,12,radio/television,Good Risk
32,male,Skilled,own,no saving,no checking,2978,24,business,Good Risk
30,male,Skilled,own,little,no checking,4657,15,car (used),Good Risk
27,male,Skilled,own,little,no checking,2613,36,repairs,Good Risk
27,male,Skilled,own,quite rich,moderate,10961,48,radio/television,Bad Risk
53,male,Highly Skilled,free,little,little,7865,12,furniture/equipment,Bad Risk
22,male,Skilled,own,little,no checking,1478,9,radio/television,Bad Risk
22,male,Skilled,free,little,little,3149,24,furniture/equipment,Good Risk
26,male,Skilled,own,little,rich,4210,36,radio/television,Bad Risk
51,male,unskilled - resident,free,moderate,no checking,2507,9,car (new),Good Risk
35,male,Skilled,own,rich,no checking,2141,12,radio/television,Good Risk
25,male,unskilled - resident,own,little,moderate,866,18,radio/television,Good Risk
42,male,unskilled - resident,own,little,no checking,1544,4,radio/television,Good Risk
30,male,Highly Skilled,own,little,little,1823,24,radio/television,Bad Risk
23,male,Unskilled and non-resident,own,no saving,moderate,14555,6,car (new),Bad Risk
61,male,unskilled - resident,rent,rich,moderate,2767,21,business,Bad Risk
35,female,Skilled,own,little,no checking,1291,12,radio/television,Good Risk
39,male,Skilled,own,little,little,2522,30,radio/television,Good Risk
29,female,Skilled,own,no saving,little,915,24,car (new),Bad Risk
51,male,Skilled,own,little,no checking,1595,6,radio/television,Good Risk
24,male,Skilled,free,little,little,4605,48,car (used),Bad Risk
27,female,Skilled,own,little,no checking,1185,12,business,Good Risk
35,female,unskilled - resident,own,moderate,no checking,3447,12,retraining,Good Risk
25,male,Skilled,own,little,no checking,1258,24,business,Good Risk
52,male,Skilled,own,little,no checking,717,12,radio/television,Good Risk
35,male,Skilled,rent,rich,no checking,1204,6,car (new),Good Risk
26,male,Skilled,own,little,rich,1925,24,furniture/equipment,Good Risk
22,female,Skilled,rent,little,no checking,433,18,radio/television,Bad Risk
39,female,unskilled - resident,own,quite rich,little,666,6,car (new),Good Risk
46,female,unskilled - resident,own,little,rich,2251,12,furniture/equipment,Good Risk
24,female,Skilled,own,little,moderate,2150,30,car (new),Bad Risk
35,male,Skilled,own,rich,no checking,4151,24,furniture/equipment,Good Risk
24,male,Skilled,own,no saving,moderate,2030,9,furniture/equipment,Good Risk
27,male,unskilled - resident,own,no saving,moderate,7418,60,radio/television,Good Risk
35,male,unskilled - resident,own,little,no checking,2684,24,radio/television,Good Risk
29,male,Skilled,free,little,little,2149,12,radio/television,Bad Risk
23,female,Skilled,own,rich,no checking,3812,15,car (used),Good Risk
57,female,unskilled - resident,own,rich,no checking,1154,11,radio/television,Good Risk
27,male,Skilled,own,little,little,1657,12,furniture/equipment,Good Risk
55,female,Skilled,own,little,little,1603,24,radio/television,Good Risk
36,male,Highly Skilled,free,little,little,5302,18,car (new),Good Risk
57,female,unskilled - resident,free,little,no checking,2748,12,education,Good Risk
32,male,unskilled - resident,own,little,no checking,1231,10,car (new),Good Risk
37,male,Skilled,own,little,moderate,802,15,radio/television,Bad Risk
36,male,Skilled,own,no saving,no checking,6304,36,business,Good Risk
38,female,Skilled,own,little,no checking,1533,24,radio/television,Good Risk
45,male,Highly Skilled,own,little,little,8978,14,car (new),Bad Risk
25,male,Skilled,own,no saving,no checking,999,24,radio/television,Good Risk
32,male,Skilled,own,no saving,no checking,2662,18,car (new),Good Risk
37,female,Skilled,rent,moderate,no checking,1402,12,furniture/equipment,Good Risk
36,male,Highly Skilled,free,no saving,moderate,12169,48,car (new),Good Risk
28,male,Skilled,own,little,moderate,3060,48,radio/television,Bad Risk
34,male,unskilled - resident,own,little,little,11998,30,repairs,Bad Risk
32,male,Skilled,own,little,no checking,2697,9,radio/television,Good Risk
26,female,Skilled,own,little,no checking,2404,18,radio/television,Good Risk
49,male,unskilled - resident,own,no saving,little,1262,12,furniture/equipment,Good Risk
32,female,Skilled,own,little,no checking,4611,6,furniture/equipment,Bad Risk
29,male,Highly Skilled,rent,rich,no checking,1901,24,radio/television,Good Risk
23,male,Skilled,rent,quite rich,no checking,3368,15,car (used),Good Risk
50,male,Skilled,own,little,no checking,1574,12,furniture/equipment,Good Risk
49,male,unskilled - resident,own,no saving,rich,1445,18,radio/television,Good Risk
63,male,Skilled,own,no saving,no checking,1520,15,furniture/equipment,Good Risk
37,male,Skilled,own,rich,moderate,3878,24,car (new),Good Risk
35,female,unskilled - resident,own,little,little,10722,47,car (new),Good Risk
26,male,Skilled,own,little,little,4788,48,car (used),Good Risk
31,male,Highly Skilled,free,rich,moderate,7582,48,others,Good Risk
49,female,Skilled,own,little,moderate,1092,12,radio/television,Good Risk
48,male,Skilled,own,little,little,1024,24,radio/television,Bad Risk
26,male,Skilled,own,little,no checking,1076,12,business,Good Risk
28,male,Highly Skilled,rent,little,moderate,9398,36,car (used),Bad Risk
44,female,Highly Skilled,free,little,little,6419,24,car (used),Good Risk
56,male,Skilled,free,little,rich,4796,42,car (used),Good Risk
46,male,Highly Skilled,own,no saving,no checking,7629,48,business,Good Risk
26,female,Skilled,own,little,moderate,9960,48,furniture/equipment,Bad Risk
20,female,Skilled,rent,no saving,no checking,4675,12,car (used),Good Risk
45,male,unskilled - resident,own,no saving,no checking,1287,10,car (new),Good Risk
43,male,Skilled,own,little,no checking,2515,18,furniture/equipment,Good Risk
32,male,Skilled,own,quite rich,moderate,2745,21,furniture/equipment,Good Risk
54,female,Unskilled and non-resident,own,little,no checking,672,6,car (new),Good Risk
42,female,Skilled,own,little,moderate,3804,36,radio/television,Bad Risk
37,male,unskilled - resident,own,no saving,rich,1344,24,car (new),Bad Risk
49,male,Skilled,own,little,little,1038,10,car (new),Good Risk
44,male,Skilled,free,moderate,no checking,10127,48,car (new),Bad Risk
33,male,Skilled,own,quite rich,no checking,1543,6,furniture/equipment,Good Risk
24,female,unskilled - resident,rent,no saving,no checking,4811,30,car (used),Good Risk
33,male,unskilled - resident,own,rich,little,727,12,radio/television,Bad Risk
24,female,Skilled,own,little,moderate,1237,8,furniture/equipment,Bad Risk
22,male,unskilled - resident,rent,little,moderate,276,9,car (new),Good Risk
40,male,Unskilled and non-resident,free,no saving,moderate,5381,48,others,Good Risk
25,male,Skilled,own,rich,no checking,5511,24,furniture/equipment,Good Risk
26,female,Skilled,own,little,rich,3749,24,furniture/equipment,Good Risk
25,male,unskilled - resident,own,little,moderate,685,12,car (new),Bad Risk
29,male,unskilled - resident,own,no saving,rich,1494,4,car (new),Good Risk
31,male,Skilled,own,little,little,2746,36,furniture/equipment,Bad Risk
38,male,unskilled - resident,own,little,little,708,12,furniture/equipment,Good Risk
48,female,unskilled - resident,own,no saving,moderate,4351,24,furniture/equipment,Good Risk
32,male,Skilled,own,little,no checking,701,12,education,Good Risk
27,female,unskilled - resident,own,little,little,3643,15,furniture/equipment,Good Risk
28,male,Highly Skilled,own,little,moderate,4249,30,car (new),Bad Risk
32,male,Skilled,own,little,little,1938,24,radio/television,Bad Risk
34,male,Highly Skilled,free,little,little,2910,24,car (used),Good Risk
28,male,Skilled,own,quite rich,little,2659,18,furniture/equipment,Good Risk
36,female,Skilled,own,little,no checking,1028,18,car (new),Good Risk
39,male,unskilled - resident,own,little,little,3398,8,car (new),Good Risk
49,male,Skilled,rent,no saving,no checking,5801,12,furniture/equipment,Good Risk
34,female,Skilled,own,quite rich,no checking,1525,24,car (new),Good Risk
31,male,Skilled,own,little,rich,4473,36,radio/television,Good Risk
28,male,Skilled,own,little,moderate,1068,6,radio/television,Good Risk
75,male,Highly Skilled,free,little,little,6615,24,car (used),Good Risk
30,female,Skilled,own,rich,no checking,1864,18,education,Bad Risk
24,female,Highly Skilled,own,rich,moderate,7408,60,car (new),Bad Risk
24,female,unskilled - resident,rent,rich,no checking,11590,48,car (used),Bad Risk
23,male,Skilled,rent,little,little,4110,24,furniture/equipment,Bad Risk
44,male,Highly Skilled,rent,little,little,3384,6,furniture/equipment,Bad Risk
23,female,unskilled - resident,own,little,moderate,2101,13,radio/television,Good Risk
24,female,Skilled,rent,no saving,little,1275,15,domestic appliances,Bad Risk
28,male,Skilled,own,little,little,4169,24,furniture/equipment,Good Risk
31,male,unskilled - resident,own,little,moderate,1521,10,furniture/equipment,Good Risk
24,female,Skilled,free,little,moderate,5743,24,education,Good Risk
26,female,unskilled - resident,rent,little,little,3599,21,furniture/equipment,Good Risk
25,male,Skilled,rent,moderate,moderate,3213,18,radio/television,Good Risk
33,male,Highly Skilled,own,little,moderate,4439,18,business,Good Risk
37,male,unskilled - resident,own,little,rich,3949,10,car (new),Good Risk
43,female,unskilled - resident,own,little,no checking,1459,15,radio/television,Good Risk
23,male,Skilled,own,little,moderate,882,13,radio/television,Good Risk
23,female,Unskilled and non-resident,rent,moderate,moderate,3758,24,radio/television,Good Risk
34,male,unskilled - resident,own,rich,no checking,1743,6,business,Good Risk
32,male,Skilled,free,quite rich,moderate,1136,9,education,Bad Risk
23,female,Skilled,rent,little,no checking,1236,9,domestic appliances,Good Risk
29,female,Skilled,own,little,moderate,959,9,furniture/equipment,Bad Risk
38,male,Highly Skilled,own,no saving,no checking,3229,18,car (used),Good Risk
28,male,Skilled,rent,little,little,6199,12,radio/television,Bad Risk
46,male,Skilled,free,moderate,no checking,727,10,education,Good Risk
23,male,unskilled - resident,own,little,moderate,1246,24,car (new),Bad Risk
49,male,Skilled,own,no saving,no checking,2331,12,radio/television,Good Risk
26,male,Highly Skilled,own,little,no checking,4463,36,radio/television,Bad Risk
28,male,Skilled,own,little,no checking,776,12,radio/television,Good Risk
23,female,Skilled,rent,little,little,2406,30,furniture/equipment,Bad Risk
61,male,Skilled,free,no saving,moderate,1239,18,education,Good Risk
37,male,Highly Skilled,own,no saving,rich,3399,12,radio/television,Good Risk
36,female,Skilled,own,little,rich,2247,12,car (new),Good Risk
21,male,Skilled,rent,little,no checking,1766,6,furniture/equipment,Good Risk
25,male,Unskilled and non-resident,own,little,little,2473,18,furniture/equipment,Bad Risk
36,male,Skilled,own,little,no checking,1542,12,business,Good Risk
27,male,Skilled,own,little,no checking,3850,18,car (used),Good Risk
22,female,Skilled,rent,little,little,3650,18,furniture/equipment,Good Risk
42,male,Skilled,own,little,little,3446,36,furniture/equipment,Bad Risk
40,female,Skilled,rent,little,moderate,3001,18,furniture/equipment,Good Risk
36,male,Skilled,own,no saving,no checking,3079,36,car (new),Good Risk
33,male,Skilled,own,little,no checking,6070,18,radio/television,Good Risk
23,female,Skilled,rent,little,no checking,2146,10,furniture/equipment,Good Risk
63,male,Highly Skilled,free,no saving,no checking,13756,60,car (new),Good Risk
60,female,Highly Skilled,free,rich,moderate,14782,60,others,Bad Risk
37,female,Skilled,rent,little,little,7685,48,business,Bad Risk
34,male,Skilled,own,little,no checking,2320,18,radio/television,Good Risk
36,male,Skilled,free,no saving,no checking,846,7,radio/television,Good Risk
57,male,Highly Skilled,free,little,moderate,14318,36,car (new),Bad Risk
52,female,unskilled - resident,own,rich,no checking,362,6,car (new),Good Risk
39,male,Skilled,own,no saving,little,2212,20,furniture/equipment,Good Risk
38,female,Highly Skilled,free,little,moderate,12976,18,car (used),Bad Risk
25,female,Skilled,rent,no saving,no checking,1283,22,car (new),Good Risk
26,male,Skilled,own,little,rich,1330,12,car (new),Good Risk
26,male,unskilled - resident,own,rich,no checking,4272,30,business,Good Risk
25,female,Skilled,own,little,no checking,2238,18,radio/television,Good Risk
21,female,Skilled,rent,no saving,no checking,1126,18,radio/television,Good Risk
40,male,Highly Skilled,own,little,moderate,7374,18,furniture/equipment,Good Risk
27,male,Skilled,own,moderate,moderate,2326,15,business,Good Risk
27,female,Skilled,own,little,no checking,1449,9,business,Good Risk
30,male,Highly Skilled,own,little,no checking,1820,18,car (new),Good Risk
19,female,unskilled - resident,rent,quite rich,moderate,983,12,furniture/equipment,Good Risk
39,male,Highly Skilled,free,little,little,3249,36,car (new),Good Risk
31,female,Skilled,own,little,little,1957,6,radio/television,Good Risk
31,male,Highly Skilled,own,little,no checking,2406,9,furniture/equipment,Good Risk
32,male,Skilled,rent,rich,moderate,11760,39,education,Good Risk
55,female,Highly Skilled,free,little,little,2578,12,furniture/equipment,Good Risk
46,male,Skilled,own,little,little,2348,36,furniture/equipment,Good Risk
46,male,Skilled,rent,little,moderate,1223,12,car (new),Bad Risk
43,female,unskilled - resident,own,quite rich,no checking,1516,24,radio/television,Good Risk
39,male,Skilled,own,little,no checking,1473,18,radio/television,Good Risk
28,male,Skilled,own,no saving,moderate,1887,18,business,Good Risk
27,male,Skilled,own,little,no checking,8648,24,business,Bad Risk
27,male,unskilled - resident,own,little,no checking,802,14,car (new),Good Risk
43,male,Skilled,own,no saving,moderate,2899,18,car (new),Good Risk
22,male,Skilled,own,little,moderate,2039,24,radio/television,Bad Risk
43,male,Skilled,own,no saving,no checking,2197,24,car (used),Good Risk
27,male,Skilled,own,little,little,1053,15,radio/television,Good Risk
26,male,Highly Skilled,own,moderate,no checking,3235,24,radio/television,Good Risk
28,male,Skilled,own,moderate,rich,939,12,car (new),Bad Risk
20,female,Skilled,own,little,moderate,1967,24,radio/television,Good Risk
35,male,Highly Skilled,own,little,no checking,7253,33,car (used),Good Risk
42,male,Highly Skilled,own,little,no checking,2292,12,business,Bad Risk
40,male,unskilled - resident,rent,moderate,no checking,1597,10,car (new),Good Risk
35,female,Skilled,own,no saving,little,1381,24,car (new),Bad Risk
35,male,Skilled,own,little,no checking,5842,36,car (used),Good Risk
33,male,unskilled - resident,own,little,little,2579,12,car (new),Bad Risk
23,female,Skilled,rent,no saving,little,8471,18,education,Good Risk
31,female,Highly Skilled,own,moderate,no checking,2782,21,car (new),Good Risk
33,female,Skilled,own,no saving,moderate,1042,18,car (new),Bad Risk
20,female,Skilled,rent,quite rich,no checking,3186,15,car (new),Good Risk
30,male,Skilled,own,no saving,moderate,2028,12,car (used),Good Risk
47,male,unskilled - resident,own,little,moderate,958,12,car (new),Good Risk
34,male,Highly Skilled,own,rich,no checking,1591,21,furniture/equipment,Good Risk
25,female,Skilled,own,no saving,moderate,2762,12,furniture/equipment,Bad Risk
21,male,Skilled,rent,little,moderate,2779,18,car (used),Good Risk
29,male,Skilled,own,little,no checking,2743,28,radio/television,Good Risk
46,male,Skilled,own,quite rich,no checking,1149,18,radio/television,Good Risk
20,male,Skilled,own,little,no checking,1313,9,furniture/equipment,Good Risk
55,female,Unskilled and non-resident,free,little,little,1190,18,repairs,Bad Risk
74,male,unskilled - resident,own,little,no checking,3448,5,business,Good Risk
29,male,Highly Skilled,own,little,moderate,11328,24,others,Bad Risk
36,male,Highly Skilled,free,little,little,1872,6,furniture/equipment,Good Risk
33,male,Skilled,own,little,no checking,2058,24,repairs,Good Risk
25,male,Skilled,own,little,little,2136,9,furniture/equipment,Good Risk
25,male,Skilled,own,no saving,moderate,1484,12,radio/television,Bad Risk
23,male,unskilled - resident,rent,moderate,no checking,660,6,repairs,Good Risk
37,female,Skilled,own,quite rich,no checking,1287,24,car (new),Good Risk
65,male,Unskilled and non-resident,own,little,little,3394,42,repairs,Good Risk
26,female,Unskilled and non-resident,own,little,rich,609,12,business,Bad Risk
39,male,Highly Skilled,own,little,no checking,1884,12,car (new),Good Risk
30,female,Skilled,own,little,little,1620,12,furniture/equipment,Good Risk
29,male,Skilled,own,little,moderate,2629,20,others,Good Risk
41,male,unskilled - resident,own,little,no checking,719,12,education,Bad Risk
30,female,Highly Skilled,own,little,moderate,5096,48,furniture/equipment,Bad Risk
41,female,unskilled - resident,rent,no saving,no checking,1244,9,education,Good Risk
34,female,Skilled,own,little,little,1842,36,car (new),Bad Risk
35,male,Skilled,own,little,moderate,2576,7,radio/television,Good Risk
55,female,Highly Skilled,own,no saving,rich,1424,12,furniture/equipment,Good Risk
61,male,Skilled,own,quite rich,moderate,1512,15,repairs,Bad Risk
30,male,Highly Skilled,own,no saving,no checking,11054,36,car (used),Good Risk
29,female,Skilled,own,little,no checking,518,6,radio/television,Good Risk
34,male,Skilled,own,little,no checking,2759,12,furniture/equipment,Good Risk
35,male,Highly Skilled,own,little,no checking,2670,24,car (used),Good Risk
31,male,Skilled,own,little,little,4817,24,car (new),Bad Risk
29,female,Highly Skilled,own,little,no checking,2679,24,car (used),Good Risk
36,male,Skilled,rent,little,little,3905,11,car (new),Good Risk
35,male,Skilled,free,little,little,3386,12,car (used),Bad Risk
27,female,Skilled,own,little,little,343,6,domestic appliances,Good Risk
32,male,Skilled,own,little,no checking,4594,18,radio/television,Good Risk
37,male,Skilled,own,little,little,3620,36,furniture/equipment,Good Risk
36,male,Skilled,own,little,little,1721,15,car (new),Good Risk
34,female,Highly Skilled,rent,little,moderate,3017,12,furniture/equipment,Good Risk
38,male,Skilled,own,no saving,moderate,754,12,retraining,Good Risk
34,male,Skilled,own,little,no checking,1950,18,business,Good Risk
63,male,Skilled,own,little,little,2924,24,car (used),Good Risk
29,female,unskilled - resident,rent,little,little,1659,24,radio/television,Bad Risk
32,male,Skilled,own,no saving,no checking,7238,48,radio/television,Good Risk
26,female,Skilled,own,little,no checking,2764,33,business,Good Risk
35,male,unskilled - resident,own,little,no checking,4679,24,car (used),Good Risk
22,male,Skilled,rent,rich,moderate,3092,24,radio/television,Bad Risk
23,female,Skilled,own,little,little,448,6,education,Bad Risk
28,male,unskilled - resident,own,little,little,654,9,car (new),Bad Risk
36,male,Highly Skilled,own,no saving,no checking,1238,6,retraining,Good Risk
33,male,Skilled,own,little,moderate,1245,18,radio/television,Bad Risk
26,female,Skilled,rent,little,little,3114,18,furniture/equipment,Bad Risk
24,male,Skilled,own,moderate,no checking,2569,39,car (used),Good Risk
25,male,Skilled,own,little,rich,5152,24,radio/television,Good Risk
39,male,unskilled - resident,own,rich,moderate,1037,12,business,Good Risk
44,male,Skilled,own,little,little,1478,15,furniture/equipment,Good Risk
23,female,unskilled - resident,own,little,moderate,3573,12,radio/television,Good Risk
26,male,Skilled,own,little,moderate,1201,24,car (new),Good Risk
57,female,Skilled,rent,quite rich,little,3622,30,furniture/equipment,Good Risk
30,female,Skilled,own,quite rich,no checking,960,15,furniture/equipment,Good Risk
44,male,Skilled,own,moderate,no checking,1163,12,car (new),Good Risk
47,male,Highly Skilled,own,little,moderate,1209,6,car (new),Bad Risk
52,male,Skilled,own,little,no checking,3077,12,radio/television,Good Risk
62,female,Skilled,free,little,no checking,3757,24,car (new),Good Risk
35,male,unskilled - resident,rent,rich,no checking,1418,10,car (new),Good Risk
26,male,Skilled,rent,little,no checking,3518,6,car (new),Good Risk
26,male,Skilled,own,little,no checking,1934,12,radio/television,Good Risk
42,female,Highly Skilled,free,little,moderate,8318,27,business,Bad Risk
27,female,Skilled,own,rich,no checking,1237,6,radio/television,Good Risk
38,male,Skilled,own,no saving,moderate,368,6,radio/television,Good Risk
39,male,unskilled - resident,rent,little,little,2122,12,car (new),Good Risk
20,male,Skilled,own,no saving,little,2996,24,furniture/equipment,Bad Risk
29,male,Highly Skilled,rent,rich,moderate,9034,36,furniture/equipment,Bad Risk
40,male,Skilled,own,little,no checking,1585,24,furniture/equipment,Good Risk
32,male,unskilled - resident,own,little,moderate,1301,18,radio/television,Good Risk
28,male,Skilled,own,rich,rich,1323,6,car (new),Good Risk
27,female,Skilled,own,little,little,3123,24,car (new),Bad Risk
42,male,Skilled,free,little,little,5493,36,car (used),Good Risk
49,male,Skilled,own,rich,rich,1126,9,radio/television,Good Risk
38,male,Skilled,own,rich,moderate,1216,24,radio/television,Bad Risk
24,female,Skilled,rent,little,little,1207,24,car (new),Bad Risk
27,male,unskilled - resident,own,no saving,no checking,1309,10,car (new),Bad Risk
36,male,Skilled,own,moderate,rich,2360,15,car (used),Good Risk
34,male,Highly Skilled,own,rich,moderate,6850,15,car (new),Bad Risk
28,male,Skilled,own,little,no checking,1413,24,radio/television,Good Risk
45,male,Highly Skilled,own,rich,no checking,8588,39,car (used),Good Risk
26,male,Skilled,own,little,little,759,12,car (new),Bad Risk
32,male,Highly Skilled,free,little,no checking,4686,36,car (used),Good Risk
26,male,Skilled,rent,little,rich,2687,15,business,Good Risk
20,male,Skilled,rent,little,moderate,585,12,radio/television,Good Risk
54,male,Skilled,own,no saving,no checking,2255,24,car (new),Good Risk
37,female,Skilled,own,little,little,609,6,car (new),Good Risk
40,male,unskilled - resident,own,little,little,1361,6,car (new),Good Risk
23,female,Skilled,rent,little,no checking,7127,36,furniture/equipment,Bad Risk
43,male,Skilled,own,rich,little,1203,6,car (new),Good Risk
36,male,Skilled,free,no saving,no checking,700,6,radio/television,Good Risk
44,male,Skilled,free,little,no checking,5507,24,repairs,Good Risk
24,female,Skilled,own,little,little,3190,18,radio/television,Bad Risk
53,male,Skilled,free,little,little,7119,48,furniture/equipment,Bad Risk
23,female,Skilled,own,rich,no checking,3488,24,car (used),Good Risk
26,female,unskilled - resident,own,little,moderate,1113,18,radio/television,Good Risk
30,male,Skilled,own,little,moderate,7966,26,car (used),Good Risk
31,female,Skilled,own,rich,no checking,1532,15,education,Good Risk
42,male,unskilled - resident,own,little,no checking,1503,4,radio/television,Good Risk
31,male,Skilled,rent,little,little,2302,36,radio/television,Bad Risk
41,male,unskilled - resident,own,little,little,662,6,car (new),Good Risk
32,male,Skilled,own,little,moderate,2273,36,education,Good Risk
28,female,Skilled,rent,rich,moderate,2631,15,car (new),Bad Risk
41,male,Skilled,rent,little,no checking,1503,12,car (used),Good Risk
26,male,Skilled,own,rich,no checking,1311,24,radio/television,Good Risk
25,male,Skilled,own,no saving,no checking,3105,24,radio/television,Good Risk
33,male,Skilled,rent,little,rich,2319,21,education,Bad Risk
75,female,Highly Skilled,own,no saving,little,1374,6,car (new),Good Risk
37,female,Skilled,own,little,moderate,3612,18,furniture/equipment,Good Risk
42,male,Highly Skilled,free,little,little,7763,48,car (new),Bad Risk
45,female,unskilled - resident,own,little,rich,3049,18,furniture/equipment,Good Risk
23,male,Skilled,rent,little,moderate,1534,12,radio/television,Bad Risk
60,male,Skilled,free,little,no checking,2032,24,car (new),Good Risk
31,male,Skilled,own,no saving,little,6350,30,furniture/equipment,Bad Risk
34,male,unskilled - resident,own,little,rich,2864,18,furniture/equipment,Bad Risk
61,male,unskilled - resident,own,little,no checking,1255,12,car (new),Good Risk
43,male,Skilled,free,little,little,1333,24,car (new),Bad Risk
37,female,Skilled,own,little,no checking,2022,24,car (new),Good Risk
32,male,Skilled,own,little,no checking,1552,24,radio/television,Good Risk
24,female,unskilled - resident,own,little,little,626,12,radio/television,Bad Risk
35,male,Skilled,free,no saving,no checking,8858,48,car (used),Good Risk
23,female,Skilled,own,no saving,no checking,996,12,repairs,Good Risk
45,male,unskilled - resident,own,moderate,no checking,1750,6,radio/television,Good Risk
34,male,Skilled,own,little,little,6999,48,radio/television,Bad Risk
27,male,Skilled,own,rich,moderate,1995,12,car (new),Good Risk
67,female,Highly Skilled,own,little,moderate,1199,9,education,Good Risk
22,male,Skilled,own,little,moderate,1331,12,radio/television,Bad Risk
28,female,Skilled,own,rich,moderate,2278,18,car (new),Bad Risk
29,female,Skilled,own,no saving,no checking,5003,21,car (new),Bad Risk
27,male,Skilled,own,little,little,3552,24,furniture/equipment,Bad Risk
31,male,unskilled - resident,own,little,moderate,1928,18,furniture/equipment,Bad Risk
49,male,Skilled,free,no saving,little,2964,24,car (used),Good Risk
24,male,unskilled - resident,rent,little,little,1546,24,radio/television,Bad Risk
29,female,Skilled,own,little,rich,683,6,radio/television,Good Risk
37,male,Skilled,free,no saving,moderate,12389,36,car (new),Bad Risk
37,male,Highly Skilled,own,no saving,moderate,4712,24,business,Good Risk
23,female,Skilled,rent,rich,moderate,1553,24,radio/television,Good Risk
36,male,Skilled,own,little,little,1372,12,car (new),Bad Risk
34,male,Skilled,own,quite rich,no checking,2578,24,radio/television,Good Risk
41,male,Skilled,own,no saving,moderate,3979,48,radio/television,Good Risk
31,female,Skilled,own,little,little,6758,48,radio/television,Bad Risk
23,female,unskilled - resident,rent,little,little,3234,24,furniture/equipment,Bad Risk
38,male,Skilled,own,little,no checking,5954,30,radio/television,Good Risk
26,female,Highly Skilled,rent,no saving,no checking,5433,24,car (used),Good Risk
22,female,unskilled - resident,own,little,little,806,15,business,Good Risk
27,male,unskilled - resident,own,little,moderate,1082,9,radio/television,Good Risk
24,female,Skilled,own,little,no checking,2788,15,furniture/equipment,Good Risk
27,female,Skilled,own,little,moderate,2930,12,radio/television,Good Risk
33,female,Skilled,own,no saving,no checking,1927,24,education,Good Risk
27,male,Skilled,own,little,moderate,2820,36,car (new),Bad Risk
27,male,unskilled - resident,own,little,no checking,937,24,retraining,Good Risk
30,male,Skilled,own,little,moderate,1056,18,car (new),Bad Risk
49,male,unskilled - resident,own,little,moderate,3124,12,car (new),Good Risk
26,female,Skilled,rent,little,no checking,1388,9,furniture/equipment,Good Risk
33,male,unskilled - resident,rent,little,moderate,2384,36,repairs,Bad Risk
52,female,Highly Skilled,free,no saving,no checking,2133,12,car (new),Good Risk
20,female,Skilled,rent,little,little,2039,18,furniture/equipment,Bad Risk
36,male,Skilled,rent,little,little,2799,9,car (new),Good Risk
21,male,unskilled - resident,own,little,little,1289,12,furniture/equipment,Good Risk
47,male,unskilled - resident,own,little,little,1217,18,domestic appliances,Bad Risk
60,male,Skilled,own,little,little,2246,12,furniture/equipment,Bad Risk
58,female,unskilled - resident,own,little,little,385,12,radio/television,Good Risk
42,female,Skilled,rent,no saving,moderate,1965,24,car (new),Good Risk
36,female,unskilled - resident,own,quite rich,no checking,1572,21,business,Good Risk
20,female,unskilled - resident,rent,little,moderate,2718,24,car (new),Bad Risk
40,male,Highly Skilled,own,no saving,little,1358,24,others,Bad Risk
32,female,unskilled - resident,own,rich,moderate,931,6,car (new),Bad Risk
23,female,Skilled,rent,little,little,1442,24,car (new),Bad Risk
36,male,unskilled - resident,own,little,moderate,4241,24,business,Bad Risk
31,male,Skilled,own,little,no checking,2775,18,car (new),Bad Risk
32,male,Skilled,free,little,no checking,3863,24,business,Good Risk
45,female,Skilled,own,little,moderate,2329,7,radio/television,Good Risk
30,female,Skilled,own,little,moderate,918,9,furniture/equipment,Bad Risk
34,female,unskilled - resident,free,little,moderate,1837,24,education,Bad Risk
28,female,Highly Skilled,own,little,no checking,3349,36,furniture/equipment,Bad Risk
23,female,Skilled,own,little,rich,1275,10,furniture/equipment,Good Risk
22,male,Skilled,own,moderate,little,2828,24,furniture/equipment,Good Risk
74,male,Highly Skilled,own,little,no checking,4526,24,business,Good Risk
50,female,Skilled,free,rich,moderate,2671,36,radio/television,Bad Risk
33,male,Skilled,own,little,no checking,2051,18,radio/television,Good Risk
45,male,Skilled,free,no saving,no checking,1300,15,car (used),Good Risk
22,female,Skilled,own,rich,little,741,12,domestic appliances,Bad Risk
48,female,unskilled - resident,free,rich,rich,1240,10,car (new),Bad Risk
29,female,Skilled,own,quite rich,little,3357,21,radio/television,Good Risk
22,female,Skilled,rent,little,little,3632,24,car (used),Good Risk
22,female,Skilled,own,little,no checking,1808,18,furniture/equipment,Bad Risk
48,male,Highly Skilled,own,no saving,moderate,12204,48,business,Good Risk
27,male,Highly Skilled,free,no saving,moderate,9157,60,radio/television,Good Risk
37,male,Skilled,rent,little,little,3676,6,car (new),Good Risk
21,female,Skilled,rent,rich,moderate,3441,30,furniture/equipment,Bad Risk
49,male,unskilled - resident,own,little,no checking,640,12,car (new),Good Risk
27,male,Skilled,own,little,moderate,3652,21,business,Good Risk
32,male,Skilled,own,little,no checking,1530,18,car (new),Bad Risk
38,male,Skilled,own,no saving,no checking,3914,48,business,Bad Risk
22,female,Skilled,rent,little,little,1858,12,furniture/equipment,Good Risk
65,male,Skilled,free,little,little,2600,18,radio/television,Bad Risk
35,male,Skilled,own,no saving,no checking,1979,15,radio/television,Good Risk
41,male,Skilled,own,little,rich,2116,6,furniture/equipment,Good Risk
29,male,Skilled,own,rich,moderate,1437,9,car (new),Bad Risk
36,male,Skilled,own,moderate,no checking,4042,42,furniture/equipment,Good Risk
64,male,unskilled - resident,own,no saving,no checking,3832,9,education,Good Risk
28,female,Skilled,own,little,little,3660,24,radio/television,Good Risk
44,male,Skilled,own,little,little,1553,18,furniture/equipment,Bad Risk
23,male,Skilled,own,no saving,moderate,1444,15,radio/television,Good Risk
19,female,Skilled,rent,little,no checking,1980,9,furniture/equipment,Bad Risk
25,female,unskilled - resident,own,little,moderate,1355,24,car (new),Bad Risk
47,male,Skilled,own,little,no checking,1393,12,education,Good Risk
28,female,Skilled,own,moderate,no checking,1376,24,radio/television,Good Risk
21,male,Skilled,own,little,no checking,15653,60,radio/television,Good Risk
34,female,Skilled,own,little,no checking,1493,12,radio/television,Good Risk
26,male,Skilled,own,little,little,4370,42,radio/television,Bad Risk
27,female,Unskilled and non-resident,own,little,little,750,18,education,Bad Risk
38,male,unskilled - resident,own,little,moderate,1308,15,repairs,Good Risk
40,male,Highly Skilled,own,rich,no checking,4623,15,education,Bad Risk
33,male,Skilled,own,little,no checking,1851,24,radio/television,Good Risk
32,male,Highly Skilled,own,little,little,1880,18,radio/television,Good Risk
27,male,Skilled,rent,no saving,no checking,7980,36,business,Bad Risk
32,male,Skilled,own,little,little,4583,30,furniture/equipment,Good Risk
26,female,Skilled,own,moderate,no checking,1386,12,car (new),Bad Risk
38,male,Skilled,free,little,rich,947,24,car (new),Bad Risk
40,male,unskilled - resident,rent,little,little,684,12,education,Bad Risk
50,male,Highly Skilled,free,little,little,7476,48,education,Good Risk
37,male,unskilled - resident,own,little,moderate,1922,12,furniture/equipment,Bad Risk
45,male,Skilled,own,little,little,2303,24,car (new),Bad Risk
42,male,Highly Skilled,own,rich,moderate,8086,36,car (new),Bad Risk
35,male,Skilled,own,little,no checking,2346,24,car (used),Good Risk
22,male,Skilled,free,little,little,3973,14,car (new),Good Risk
41,male,unskilled - resident,own,little,moderate,888,12,car (new),Bad Risk
37,male,Skilled,own,no saving,no checking,10222,48,radio/television,Good Risk
28,female,Skilled,own,little,moderate,4221,30,business,Good Risk
41,male,Skilled,own,little,moderate,6361,18,furniture/equipment,Good Risk
23,male,Skilled,rent,little,rich,1297,12,radio/television,Good Risk
23,male,Skilled,own,no saving,little,900,12,car (new),Bad Risk
50,male,Skilled,own,little,no checking,2241,21,furniture/equipment,Good Risk
35,male,Highly Skilled,own,little,moderate,1050,6,furniture/equipment,Good Risk
50,female,unskilled - resident,own,little,rich,1047,6,education,Good Risk
27,male,Highly Skilled,own,little,no checking,6314,24,others,Good Risk
34,male,Skilled,own,quite rich,moderate,3496,30,furniture/equipment,Good Risk
27,female,Skilled,own,little,no checking,3609,48,business,Good Risk
43,male,Skilled,rent,little,little,4843,12,car (new),Bad Risk
47,male,Skilled,own,little,rich,3017,30,radio/television,Good Risk
27,male,unskilled - resident,own,rich,no checking,4139,24,business,Good Risk
31,male,Skilled,own,rich,no checking,5742,36,business,Good Risk
42,male,Highly Skilled,own,little,no checking,10366,60,car (new),Good Risk
24,male,Skilled,own,moderate,no checking,2080,6,car (new),Good Risk
41,male,unskilled - resident,own,moderate,no checking,2580,21,business,Bad Risk
26,female,Highly Skilled,rent,little,no checking,4530,30,radio/television,Good Risk
33,male,Skilled,own,little,no checking,5150,24,furniture/equipment,Good Risk
24,male,Skilled,own,rich,moderate,5595,72,radio/television,Bad Risk
64,male,unskilled - resident,rent,little,little,2384,24,radio/television,Good Risk
26,female,Skilled,own,little,no checking,1453,18,radio/television,Good Risk
56,female,Skilled,own,little,no checking,1538,6,education,Good Risk
37,male,Skilled,free,no saving,no checking,2279,12,radio/television,Good Risk
33,male,Skilled,own,little,no checking,1478,15,radio/television,Good Risk
47,male,Skilled,free,little,no checking,5103,24,radio/television,Good Risk
31,male,unskilled - resident,own,rich,moderate,9857,36,business,Good Risk
34,male,Skilled,free,no saving,no checking,6527,60,car (new),Good Risk
27,male,Skilled,own,no saving,rich,1347,10,radio/television,Good Risk
30,male,Skilled,free,rich,moderate,2862,36,car (new),Good Risk
35,male,Skilled,own,rich,no checking,2753,9,radio/television,Good Risk
31,male,Skilled,own,quite rich,little,3651,12,car (new),Good Risk
25,male,Skilled,own,little,little,975,15,furniture/equipment,Good Risk
25,female,unskilled - resident,own,rich,moderate,2631,15,repairs,Good Risk
29,male,Skilled,own,rich,moderate,2896,24,radio/television,Good Risk
44,male,unskilled - resident,own,no saving,little,4716,6,car (new),Good Risk
28,male,Skilled,own,little,no checking,2284,24,radio/television,Good Risk
50,male,Skilled,rent,moderate,no checking,1236,6,car (used),Good Risk
29,male,Skilled,own,little,moderate,1103,12,radio/television,Good Risk
38,female,Unskilled and non-resident,own,little,no checking,926,12,car (new),Good Risk
24,male,Skilled,own,little,no checking,1800,18,radio/television,Good Risk
40,male,Highly Skilled,rent,little,rich,1905,15,education,Good Risk
29,female,unskilled - resident,rent,moderate,no checking,1123,12,furniture/equipment,Bad Risk
46,male,Skilled,free,little,little,6331,48,car (used),Bad Risk
47,female,Skilled,free,rich,rich,1377,24,radio/television,Good Risk
41,male,Skilled,own,rich,moderate,2503,30,business,Good Risk
32,female,Skilled,own,little,moderate,2528,27,business,Good Risk
35,female,Skilled,free,moderate,no checking,5324,15,car (new),Good Risk
24,male,Skilled,own,rich,moderate,6560,48,car (new),Bad Risk
25,female,Skilled,rent,little,moderate,2969,12,furniture/equipment,Bad Risk
25,female,Skilled,own,little,moderate,1206,9,radio/television,Good Risk
37,male,unskilled - resident,own,little,moderate,2118,9,radio/television,Good Risk
32,male,Highly Skilled,own,moderate,no checking,629,18,radio/television,Good Risk
35,female,Skilled,free,little,little,1198,6,education,Bad Risk
46,male,Highly Skilled,own,no saving,no checking,2476,21,car (used),Good Risk
25,male,unskilled - resident,own,little,little,1138,9,radio/television,Good Risk
27,male,Highly Skilled,own,little,moderate,14027,60,car (new),Bad Risk
63,male,Skilled,own,no saving,no checking,7596,30,car (used),Good Risk
40,male,Skilled,own,no saving,no checking,3077,30,radio/television,Good Risk
32,male,Highly Skilled,free,little,no checking,1505,18,radio/television,Good Risk
31,male,Skilled,own,no saving,rich,3148,24,radio/television,Good Risk
31,male,Skilled,own,rich,moderate,6148,20,car (used),Good Risk
34,male,Highly Skilled,own,little,rich,1337,9,radio/television,Bad Risk
24,female,Skilled,rent,quite rich,moderate,433,6,education,Bad Risk
24,female,unskilled - resident,own,little,little,1228,12,car (new),Bad Risk
66,female,unskilled - resident,own,moderate,moderate,790,9,radio/television,Good Risk
21,female,Skilled,rent,little,no checking,2570,27,car (new),Bad Risk
41,female,unskilled - resident,own,quite rich,no checking,250,6,car (new),Good Risk
47,male,unskilled - resident,own,moderate,no checking,1316,15,radio/television,Good Risk
25,female,Skilled,rent,little,little,1882,18,radio/television,Bad Risk
59,female,Skilled,rent,little,moderate,6416,48,business,Bad Risk
36,male,Skilled,own,quite rich,rich,1275,24,business,Good Risk
33,male,Skilled,own,little,moderate,6403,24,radio/television,Good Risk
21,male,unskilled - resident,rent,little,little,1987,24,radio/television,Bad Risk
44,female,unskilled - resident,own,little,moderate,760,8,radio/television,Good Risk
28,female,Skilled,rent,quite rich,no checking,2603,24,car (used),Good Risk
37,female,Skilled,own,little,no checking,3380,4,car (new),Good Risk
29,female,Unskilled and non-resident,own,no saving,moderate,3990,36,domestic appliances,Good Risk
23,female,Highly Skilled,rent,little,moderate,11560,24,car (used),Bad Risk
35,male,unskilled - resident,own,rich,little,4380,18,car (new),Good Risk
45,male,Highly Skilled,own,little,no checking,6761,6,car (new),Good Risk
26,female,unskilled - resident,rent,rich,moderate,4280,30,business,Bad Risk
32,male,Skilled,own,rich,little,2325,24,car (new),Good Risk
23,male,unskilled - resident,own,little,moderate,1048,10,radio/television,Good Risk
41,male,Skilled,own,no saving,no checking,3160,21,radio/television,Good Risk
22,male,Skilled,own,moderate,little,2483,24,furniture/equipment,Good Risk
30,male,Highly Skilled,own,no saving,little,14179,39,furniture/equipment,Good Risk
28,male,unskilled - resident,own,little,little,1797,13,business,Good Risk
23,female,Skilled,rent,little,little,2511,15,car (new),Good Risk
37,female,unskilled - resident,own,little,little,1274,12,car (new),Bad Risk
26,male,Skilled,own,no saving,no checking,5248,21,car (used),Good Risk
33,male,Skilled,own,little,no checking,3029,15,car (used),Good Risk
49,female,Skilled,own,little,little,428,6,furniture/equipment,Good Risk
23,female,unskilled - resident,own,little,little,976,18,car (new),Bad Risk
23,female,unskilled - resident,rent,rich,moderate,841,12,business,Good Risk
25,female,Skilled,own,little,no checking,5771,30,radio/television,Good Risk
55,male,Skilled,free,quite rich,no checking,1555,12,repairs,Bad Risk
32,female,Skilled,rent,no saving,little,1285,24,car (new),Bad Risk
74,male,Unskilled and non-resident,own,little,rich,1299,6,car (new),Good Risk
39,male,Skilled,free,no saving,rich,1271,15,radio/television,Bad Risk
31,male,Skilled,own,little,no checking,1393,24,car (new),Good Risk
35,male,Skilled,own,little,little,691,12,car (new),Bad Risk
59,female,Skilled,own,no saving,no checking,5045,15,car (new),Good Risk
24,female,Skilled,rent,little,little,2124,18,furniture/equipment,Bad Risk
24,male,unskilled - resident,own,little,little,2214,12,radio/television,Good Risk
30,male,Highly Skilled,free,no saving,no checking,12680,21,car (new),Bad Risk
27,male,Skilled,own,rich,no checking,2463,24,car (new),Good Risk
40,male,unskilled - resident,own,little,moderate,1155,12,radio/television,Good Risk
31,male,unskilled - resident,own,little,little,3108,30,furniture/equipment,Bad Risk
31,female,Skilled,rent,no saving,no checking,2901,10,car (used),Good Risk
28,male,Skilled,rent,little,moderate,3617,12,furniture/equipment,Good Risk
63,male,unskilled - resident,own,little,no checking,1655,12,radio/television,Good Risk
26,female,Skilled,rent,no saving,little,2812,24,car (used),Good Risk
25,female,Highly Skilled,own,little,little,8065,36,education,Bad Risk
36,male,Highly Skilled,own,little,no checking,3275,21,car (used),Good Risk
52,male,Skilled,own,rich,no checking,2223,24,radio/television,Good Risk
66,male,Unskilled and non-resident,free,moderate,rich,1480,12,car (new),Good Risk
25,female,Skilled,rent,no saving,little,1371,24,car (new),Bad Risk
37,male,Skilled,own,little,no checking,3535,36,car (new),Good Risk
25,female,Skilled,own,little,little,3509,18,radio/television,Good Risk
38,male,Highly Skilled,own,quite rich,no checking,5711,36,car (used),Good Risk
67,female,Skilled,own,little,moderate,3872,18,repairs,Good Risk
25,male,Skilled,own,little,moderate,4933,39,radio/television,Bad Risk
60,male,Skilled,own,quite rich,no checking,1940,24,car (new),Good Risk
31,male,unskilled - resident,own,little,moderate,1410,12,retraining,Good Risk
23,female,unskilled - resident,own,rich,moderate,836,12,car (new),Bad Risk
60,male,Highly Skilled,own,no saving,moderate,6468,20,car (used),Good Risk
35,male,unskilled - resident,own,quite rich,moderate,1941,18,business,Good Risk
40,male,Skilled,own,moderate,no checking,2675,22,radio/television,Good Risk
38,male,Skilled,own,no saving,no checking,2751,48,car (used),Good Risk
50,male,Skilled,free,little,moderate,6224,48,education,Bad Risk
27,male,Skilled,own,little,little,5998,40,education,Bad Risk
39,female,Skilled,own,little,moderate,1188,21,business,Bad Risk
41,male,Highly Skilled,own,no saving,no checking,6313,24,car (used),Good Risk
27,male,Skilled,own,no saving,no checking,1221,6,furniture/equipment,Good Risk
51,male,Skilled,free,little,rich,2892,24,furniture/equipment,Good Risk
32,male,Skilled,rent,moderate,no checking,3062,24,furniture/equipment,Good Risk
22,female,Skilled,rent,rich,no checking,2301,9,furniture/equipment,Good Risk
51,male,Skilled,free,no saving,little,7511,18,car (used),Bad Risk
22,female,unskilled - resident,rent,little,no checking,1258,12,furniture/equipment,Good Risk
54,male,Skilled,own,no saving,no checking,717,24,car (new),Good Risk
35,male,Unskilled and non-resident,own,no saving,moderate,1549,9,car (new),Good Risk
54,male,Skilled,free,little,no checking,1597,24,education,Good Risk
48,female,unskilled - resident,rent,little,moderate,1795,18,radio/television,Good Risk
24,female,Skilled,own,little,little,4272,20,furniture/equipment,Good Risk
35,male,Skilled,own,no saving,no checking,976,12,radio/television,Good Risk
24,female,Unskilled and non-resident,rent,no saving,moderate,7472,12,car (new),Good Risk
24,male,Skilled,own,little,little,9271,36,car (new),Bad Risk
26,male,unskilled - resident,own,little,moderate,590,6,radio/television,Good Risk
65,male,Skilled,own,no saving,no checking,930,12,radio/television,Good Risk
55,male,Highly Skilled,free,little,moderate,9283,42,car (used),Good Risk
26,female,Unskilled and non-resident,rent,little,moderate,1778,15,car (new),Bad Risk
26,male,Skilled,own,little,moderate,907,8,business,Good Risk
28,male,unskilled - resident,own,little,moderate,484,6,radio/television,Good Risk
24,male,Skilled,own,little,little,9629,36,car (used),Bad Risk
54,male,Skilled,own,little,little,3051,48,domestic appliances,Bad Risk
46,male,Skilled,free,little,little,3931,48,car (new),Bad Risk
54,female,Skilled,rent,little,moderate,7432,36,car (new),Good Risk
62,male,Skilled,own,moderate,no checking,1338,6,domestic appliances,Good Risk
24,female,Skilled,rent,little,no checking,1554,6,radio/television,Good Risk
43,male,Highly Skilled,own,little,little,15857,36,others,Good Risk
26,male,Skilled,own,little,little,1345,18,radio/television,Bad Risk
27,male,Skilled,own,little,no checking,1101,12,car (new),Good Risk
24,male,Skilled,own,little,rich,3016,12,radio/television,Good Risk
41,male,Skilled,own,little,little,2712,36,furniture/equipment,Bad Risk
47,male,unskilled - resident,own,little,little,731,8,car (new),Good Risk
35,male,Highly Skilled,own,little,no checking,3780,18,furniture/equipment,Good Risk
30,male,Skilled,own,little,little,1602,21,car (new),Good Risk
33,female,Skilled,rent,little,little,3966,18,car (new),Bad Risk
36,male,Skilled,own,little,no checking,4165,18,business,Bad Risk
47,male,Skilled,free,no saving,little,8335,36,car (used),Bad Risk
38,male,Skilled,free,no saving,moderate,6681,48,business,Good Risk
44,male,Skilled,own,moderate,no checking,2375,24,business,Good Risk
23,female,Skilled,rent,little,little,1216,18,car (new),Bad Risk
29,male,Skilled,rent,little,little,11816,45,business,Bad Risk
42,female,Skilled,own,no saving,moderate,5084,24,radio/television,Good Risk
25,female,unskilled - resident,own,little,rich,2327,15,radio/television,Bad Risk
48,male,Skilled,own,little,little,1082,12,car (new),Bad Risk
21,female,Skilled,own,no saving,no checking,886,12,radio/television,Good Risk
23,female,unskilled - resident,rent,little,no checking,601,4,furniture/equipment,Good Risk
63,male,Skilled,own,little,little,2957,24,car (used),Good Risk
46,male,Skilled,own,little,no checking,2611,24,radio/television,Good Risk
29,male,Skilled,own,little,little,5179,36,furniture/equipment,Bad Risk
28,male,unskilled - resident,own,little,no checking,2993,21,car (used),Good Risk
23,female,Skilled,own,little,no checking,1943,18,repairs,Bad Risk
50,male,Skilled,own,little,no checking,1559,24,business,Good Risk
47,male,Skilled,own,little,no checking,3422,18,furniture/equipment,Good Risk
35,male,Skilled,own,no saving,moderate,3976,21,furniture/equipment,Good Risk
68,male,Skilled,rent,no saving,no checking,6761,18,car (new),Bad Risk
28,male,Skilled,own,little,no checking,1249,24,car (new),Good Risk
59,male,Skilled,own,little,little,1364,9,radio/television,Good Risk
57,male,unskilled - resident,own,little,little,709,12,radio/television,Bad Risk
33,male,Skilled,rent,little,little,2235,20,car (new),Bad Risk
43,male,Skilled,own,no saving,no checking,4042,24,car (used),Good Risk
35,male,Skilled,free,little,no checking,1471,15,radio/television,Good Risk
32,male,unskilled - resident,free,little,little,1442,18,car (new),Bad Risk
45,male,Skilled,own,little,no checking,10875,36,car (new),Good Risk
33,male,Skilled,own,rich,no checking,1474,24,car (new),Good Risk
40,female,Skilled,own,no saving,no checking,894,10,retraining,Good Risk
28,male,Skilled,free,little,no checking,3343,15,furniture/equipment,Good Risk
29,female,Skilled,own,little,little,3959,15,car (new),Bad Risk
26,male,Skilled,rent,rich,no checking,3577,9,car (new),Good Risk
27,male,Skilled,own,quite rich,no checking,5804,24,car (used),Good Risk
28,male,Skilled,own,little,no checking,2169,18,business,Bad Risk
35,female,Skilled,own,little,little,2439,24,radio/television,Bad Risk
32,male,unskilled - resident,own,quite rich,no checking,4526,27,furniture/equipment,Good Risk
25,male,unskilled - resident,rent,little,no checking,2210,10,furniture/equipment,Bad Risk
20,female,Skilled,rent,moderate,no checking,2221,15,furniture/equipment,Good Risk
27,female,Skilled,own,little,little,2389,18,radio/television,Good Risk
42,male,Skilled,own,little,no checking,3331,12,furniture/equipment,Good Risk
37,male,Skilled,own,no saving,no checking,7409,36,business,Good Risk
24,female,Skilled,rent,little,little,652,12,furniture/equipment,Good Risk
40,female,Skilled,own,moderate,no checking,7678,36,furniture/equipment,Good Risk
46,male,Skilled,own,little,rich,1343,6,car (new),Good Risk
26,male,Skilled,own,rich,little,1382,24,business,Good Risk
24,female,Skilled,own,no saving,no checking,874,15,domestic appliances,Good Risk
29,male,unskilled - resident,own,little,little,3590,12,furniture/equipment,Good Risk
40,female,Skilled,own,quite rich,moderate,1322,11,car (new),Good Risk
36,male,Highly Skilled,free,little,little,1940,18,radio/television,Good Risk
28,male,Skilled,own,little,no checking,3595,36,radio/television,Good Risk
27,male,Highly Skilled,free,little,little,1422,9,car (new),Bad Risk
36,male,Skilled,own,no saving,no checking,6742,30,radio/television,Good Risk
38,male,Highly Skilled,own,little,no checking,7814,24,car (used),Good Risk
48,male,Skilled,free,no saving,no checking,9277,24,car (used),Good Risk
36,male,Skilled,own,no saving,moderate,2181,30,car (new),Good Risk
65,female,Unskilled and non-resident,own,little,no checking,1098,18,radio/television,Good Risk
43,male,Skilled,own,little,moderate,4057,24,furniture/equipment,Bad Risk
53,female,Skilled,own,little,little,795,12,education,Bad Risk
34,male,Skilled,own,no saving,moderate,2825,24,business,Good Risk
23,male,Skilled,own,little,moderate,15672,48,business,Bad Risk
34,male,Highly Skilled,own,little,no checking,6614,36,car (new),Good Risk
40,male,Skilled,rent,no saving,no checking,7824,28,car (used),Good Risk
43,male,Highly Skilled,own,little,little,2442,27,business,Good Risk
46,male,Skilled,own,little,no checking,1829,15,radio/television,Good Risk
38,male,unskilled - resident,own,little,little,2171,12,car (new),Good Risk
34,male,Skilled,own,little,moderate,5800,36,car (used),Good Risk
29,male,Skilled,own,no saving,no checking,1169,18,radio/television,Good Risk
31,male,Highly Skilled,own,no saving,no checking,8947,36,car (used),Good Risk
28,female,Highly Skilled,rent,little,little,2606,21,radio/television,Good Risk
35,female,Skilled,own,quite rich,no checking,1592,12,furniture/equipment,Good Risk
33,female,unskilled - resident,rent,no saving,no checking,2186,15,furniture/equipment,Good Risk
42,male,Skilled,own,little,little,4153,18,furniture/equipment,Bad Risk
43,male,Skilled,rent,little,little,2625,16,car (new),Bad Risk
44,male,Skilled,own,no saving,no checking,3485,20,car (new),Good Risk
42,male,Skilled,free,no saving,no checking,10477,36,car (used),Good Risk
40,male,Skilled,rent,no saving,no checking,1386,15,radio/television,Good Risk
36,male,Highly Skilled,own,little,no checking,1278,24,radio/television,Good Risk
20,male,Highly Skilled,rent,little,little,1107,12,radio/television,Good Risk
24,male,unskilled - resident,own,no saving,little,3763,21,car (new),Good Risk
27,male,Skilled,own,no saving,moderate,3711,36,education,Good Risk
46,female,unskilled - resident,own,little,no checking,3594,15,car (used),Good Risk
33,female,unskilled - resident,own,no saving,moderate,3195,9,car (new),Good Risk
34,female,Skilled,own,little,no checking,4454,36,radio/television,Good Risk
25,female,unskilled - resident,own,little,moderate,4736,24,furniture/equipment,Bad Risk
25,female,Skilled,own,no saving,moderate,2991,30,radio/television,Good Risk
28,male,Skilled,own,quite rich,no checking,2142,11,business,Good Risk
31,male,Skilled,rent,little,little,3161,24,business,Bad Risk
32,female,Highly Skilled,own,little,moderate,18424,48,others,Bad Risk
32,male,Skilled,own,rich,no checking,2848,10,car (used),Good Risk
68,male,Highly Skilled,own,little,little,14896,6,car (new),Bad Risk
33,male,Skilled,own,rich,little,2359,24,furniture/equipment,Bad Risk
39,male,Highly Skilled,rent,little,little,3345,24,furniture/equipment,Bad Risk
28,female,Skilled,own,little,no checking,1817,18,furniture/equipment,Good Risk
37,male,Highly Skilled,own,moderate,no checking,12749,48,radio/television,Good Risk
22,female,Skilled,rent,little,little,1366,9,radio/television,Bad Risk
30,male,Skilled,rent,little,moderate,2002,12,car (new),Good Risk
55,male,Skilled,own,little,little,6872,24,furniture/equipment,Bad Risk
46,male,Skilled,own,little,little,697,12,car (new),Bad Risk
21,female,Skilled,rent,little,little,1049,18,furniture/equipment,Good Risk
39,male,Skilled,free,little,little,10297,48,car (used),Bad Risk
58,male,Skilled,own,no saving,no checking,1867,30,radio/television,Good Risk
43,male,unskilled - resident,own,little,little,1344,12,car (new),Good Risk
24,male,unskilled - resident,own,little,little,1747,24,furniture/equipment,Good Risk
22,female,Skilled,own,little,moderate,1670,9,radio/television,Bad Risk
30,male,Skilled,own,little,no checking,1224,9,car (new),Good Risk
42,male,Skilled,own,moderate,no checking,522,12,radio/television,Good Risk
23,female,Skilled,own,little,little,1498,12,radio/television,Good Risk
30,male,Highly Skilled,own,rich,moderate,1919,30,radio/television,Bad Risk
28,female,unskilled - resident,own,little,rich,745,9,radio/television,Bad Risk
30,male,Highly Skilled,rent,little,moderate,2063,6,radio/television,Good Risk
42,male,Skilled,free,little,moderate,6288,60,education,Bad Risk
46,male,Highly Skilled,own,no saving,no checking,6842,24,car (used),Good Risk
45,male,Highly Skilled,own,no saving,no checking,3527,12,car (new),Good Risk
31,male,unskilled - resident,own,little,no checking,1546,10,car (new),Good Risk
31,male,Skilled,own,no saving,no checking,929,24,furniture/equipment,Good Risk
42,male,unskilled - resident,own,little,no checking,1455,4,car (new),Good Risk
46,female,Skilled,rent,little,little,1845,15,furniture/equipment,Good Risk
30,female,Skilled,own,moderate,moderate,8358,48,car (new),Good Risk
30,male,Skilled,free,moderate,little,3349,24,furniture/equipment,Bad Risk
38,male,Highly Skilled,own,no saving,no checking,2859,12,car (new),Good Risk
43,male,unskilled - resident,own,little,no checking,1533,18,furniture/equipment,Bad Risk
31,male,Skilled,own,rich,no checking,3621,24,radio/television,Bad Risk
40,male,Unskilled and non-resident,own,little,moderate,3590,18,business,Good Risk
24,male,Skilled,own,little,little,2145,36,business,Bad Risk
28,female,Skilled,rent,moderate,moderate,4113,24,car (used),Bad Risk
26,female,Highly Skilled,own,little,no checking,10974,36,furniture/equipment,Bad Risk
29,female,Skilled,own,little,little,1893,12,car (new),Good Risk
57,female,Highly Skilled,rent,quite rich,little,1231,24,radio/television,Good Risk
49,male,unskilled - resident,own,no saving,rich,3656,30,radio/television,Good Risk
37,male,unskilled - resident,own,little,moderate,1154,9,radio/television,Good Risk
45,male,unskilled - resident,own,little,little,4006,28,car (new),Bad Risk
30,male,Skilled,free,rich,moderate,3069,24,furniture/equipment,Good Risk
30,male,Skilled,rent,little,no checking,1740,6,radio/television,Good Risk
47,male,Skilled,own,little,moderate,2353,21,car (new),Good Risk
29,male,Skilled,own,no saving,no checking,3556,15,car (new),Good Risk
35,male,Skilled,own,moderate,no checking,2397,24,radio/television,Bad Risk
22,male,unskilled - resident,own,little,moderate,454,6,repairs,Good Risk
26,female,Skilled,own,no saving,moderate,1715,30,radio/television,Good Risk
23,male,unskilled - resident,own,moderate,moderate,2520,27,radio/television,Bad Risk
54,female,Highly Skilled,rent,little,no checking,3568,15,radio/television,Good Risk
29,male,Skilled,rent,no saving,no checking,7166,42,radio/television,Good Risk
40,male,unskilled - resident,own,little,little,3939,11,car (new),Good Risk
22,male,Skilled,own,rich,moderate,1514,15,repairs,Good Risk
43,male,unskilled - resident,own,little,no checking,7393,24,car (new),Good Risk
29,female,Unskilled and non-resident,rent,little,little,1193,24,car (new),Bad Risk
36,male,Skilled,rent,little,little,7297,60,business,Bad Risk
33,female,Skilled,own,little,no checking,2831,30,radio/television,Good Risk
57,female,unskilled - resident,own,moderate,rich,1258,24,radio/television,Good Risk
64,female,Skilled,own,little,moderate,753,6,radio/television,Good Risk
42,male,Skilled,own,no saving,moderate,2427,18,business,Good Risk
47,male,unskilled - resident,own,little,no checking,2538,24,car (new),Bad Risk
25,male,Skilled,rent,rich,moderate,1264,15,car (new),Bad Risk
49,male,Skilled,own,little,moderate,8386,30,furniture/equipment,Bad Risk
33,male,Highly Skilled,rent,little,no checking,4844,48,business,Bad Risk
28,female,Highly Skilled,own,rich,rich,2923,21,car (new),Good Risk
26,male,Skilled,own,little,little,8229,36,car (used),Bad Risk
30,male,unskilled - resident,own,little,no checking,2028,24,furniture/equipment,Good Risk
25,female,Skilled,rent,little,little,1433,15,furniture/equipment,Good Risk
33,male,Skilled,own,little,rich,6289,42,business,Good Risk
64,female,Skilled,own,rich,no checking,1409,13,radio/television,Good Risk
29,male,Highly Skilled,free,little,little,6579,24,car (used),Good Risk
48,male,unskilled - resident,own,little,moderate,1743,24,radio/television,Good Risk
37,male,unskilled - resident,own,no saving,no checking,3565,12,education,Good Risk
34,male,unskilled - resident,own,rich,no checking,1569,15,radio/television,Good Risk
23,male,unskilled - resident,rent,no saving,little,1936,18,radio/television,Good Risk
30,male,Highly Skilled,own,little,little,3959,36,furniture/equipment,Good Risk
50,male,Skilled,own,no saving,no checking,2390,12,car (new),Good Risk
31,female,unskilled - resident,own,little,no checking,1736,12,furniture/equipment,Good Risk
40,male,Highly Skilled,own,little,little,3857,30,car (used),Good Risk
38,male,Skilled,own,little,no checking,804,12,radio/television,Good Risk
23,male,Skilled,free,little,little,1845,45,radio/television,Bad Risk
27,male,Skilled,own,rich,moderate,4576,45,car (used),Good Risk
